url_path,views_total,views_unique
/vincent-noel/MaBoSS-env-2.0,9,4
/vincent-noel/MaBoSS-env-2.0/tree/master/engine/src,5,1
/vincent-noel/MaBoSS-env-2.0/tree/master/engine,4,1
/vincent-noel/MaBoSS-env-2.0/branches,2,2
/vincent-noel/MaBoSS-env-2.0/blob/master/engine/src/MaBEstEngine.cc,2,1
/vincent-noel/MaBoSS-env-2.0/blob/master/engine/src/MaBEstEngine.h,2,1
/vincent-noel/MaBoSS-env-2.0/branches/stale,2,1
/vincent-noel/MaBoSS-env-2.0/tree/feat/popmaboss,2,1
/vincent-noel/MaBoSS-env-2.0/commit/f14e4523da853458823c1ad8b50d90b43ec5b9ee,1,1
/vincent-noel/MaBoSS-env-2.0/commits/feat/popmaboss,1,1
